country,region,continent
Australia,Asia-Pacific,Oceania
Austria,Western Europe,Europe
Bahrain,Middle East,Asia
Belgium,Western Europe,Europe
Brazil,South America,Americas
Canada,North America,Americas
Channel Islands,UK & Ireland,Europe
Cyprus,Southern Europe,Europe
Czech Republic,Eastern Europe,Europe
Denmark,Nordics,Europe
EIRE,UK & Ireland,Europe
European Community,Europe (unspecified),Europe
Finland,Nordics,Europe
France,Western Europe,Europe
Germany,Western Europe,Europe
Greece,Southern Europe,Europe
Hong Kong,Asia-Pacific,Asia
Iceland,Nordics,Europe
Israel,Middle East,Asia
Italy,Southern Europe,Europe
Japan,Asia-Pacific,Asia
Lebanon,Middle East,Asia
Lithuania,Eastern Europe,Europe
Malta,Southern Europe,Europe
Netherlands,Western Europe,Europe
Norway,Nordics,Europe
Poland,Eastern Europe,Europe
Portugal,Southern Europe,Europe
RSA,Africa,Africa
Saudi Arabia,Middle East,Asia
Singapore,Asia-Pacific,Asia
Spain,Southern Europe,Europe
Sweden,Nordics,Europe
Switzerland,Western Europe,Europe
USA,North America,Americas
United Arab Emirates,Middle East,Asia
United Kingdom,UK & Ireland,Europe
Unspecified,Unspecified,Unspecified
